model,roc_auc,avg_precision
champion,0.536674066143783,0.36381563699548286
challenger,0.536674066143783,0.36381563699548286
